step,sigma_hat_0,sigma_t,approx_coeff,residual_rms,sure_val,raw_grad_rms,eff_grad_rms,effective_alpha,step_rms,adam_ratio
0,0.485919,14.614647,4.0000,0.476115,14391.160188,1.789759,0.999953,0.050000,0.049998,0.558708
1,0.485722,14.586024,4.0000,0.478289,13287.068328,1.704605,0.922689,0.050000,0.046134,0.541292
2,0.467898,14.523873,4.0000,0.451111,12003.334790,1.762882,0.894937,0.050000,0.044747,0.507656
3,0.462737,14.436495,4.0000,0.444285,11745.527448,1.740498,0.878920,0.050000,0.043946,0.504982
4,0.459980,14.327435,4.0000,0.442820,13181.096160,1.720496,0.867413,0.050000,0.043371,0.504164
5,0.450457,14.198980,4.0000,0.440319,13405.751595,1.619057,0.855974,0.050000,0.042799,0.528687
6,0.447786,14.052824,4.0000,0.432281,12731.137644,1.649480,0.849371,0.050000,0.042469,0.514932
7,0.432997,13.890330,4.0000,0.412068,11378.590530,1.597359,0.843041,0.050000,0.042152,0.527772
8,0.420197,13.712652,4.0000,0.403848,11101.668932,1.497428,0.834781,0.050000,0.041739,0.557477
9,0.411504,13.520800,4.0000,0.395639,11054.961377,1.444201,0.826479,0.050000,0.041324,0.572274
10,0.403127,13.315684,4.0000,0.394362,10461.595572,1.288269,0.814227,0.050000,0.040711,0.632031
11,0.398386,13.098140,4.0000,0.389164,10317.327328,1.257383,0.803776,0.050000,0.040189,0.639245
12,0.383856,12.868946,4.0000,0.385536,8794.137195,1.191730,0.790645,0.050000,0.039532,0.663442
13,0.385456,12.628837,4.0000,0.377713,9081.086076,1.089715,0.767339,0.050000,0.038367,0.704165
14,0.390408,12.378512,4.0000,0.382577,9168.538900,1.078818,0.747271,0.050000,0.037364,0.692675
15,0.393025,12.118646,4.0000,0.379897,8791.434525,1.030987,0.726127,0.050000,0.036306,0.704302
16,0.383456,11.849886,4.0000,0.375433,7599.100920,0.974950,0.703383,0.050000,0.035169,0.721455
17,0.379520,11.572865,4.0000,0.377970,8891.267698,1.116027,0.684860,0.050000,0.034243,0.613659
18,0.375087,11.288198,4.0000,0.376576,8035.176702,1.164947,0.673584,0.050000,0.033679,0.578210
19,0.366776,10.996489,4.0000,0.369743,7504.679696,1.146441,0.666012,0.050000,0.033301,0.580939
20,0.351277,10.698330,4.0000,0.353319,6031.818957,1.048682,0.657448,0.050000,0.032872,0.626928
21,0.335975,10.394307,4.0000,0.341909,5925.136098,1.033514,0.650293,0.050000,0.032515,0.629206
22,0.317547,10.084996,4.0000,0.321413,4742.563643,1.002662,0.645339,0.050000,0.032267,0.643626
23,0.305312,9.770967,4.0000,0.306587,4593.203915,0.903282,0.637340,0.050000,0.031867,0.705583
24,0.295071,9.452787,4.0000,0.300611,4213.374161,0.948512,0.632407,0.050000,0.031620,0.666736
25,0.284267,9.131018,4.0000,0.290171,3841.764664,1.025103,0.631298,0.050000,0.031565,0.615839
26,0.269912,8.806214,4.0000,0.273880,3287.560520,0.962508,0.628451,0.050000,0.031423,0.652931
27,0.260626,8.478933,4.0000,0.267911,3643.525245,0.938303,0.620570,0.050000,0.031028,0.661375
28,0.249497,8.149728,4.0000,0.270876,4312.808050,1.040563,0.614172,0.050000,0.030709,0.590230
29,0.229460,7.819149,4.0000,0.247897,3566.497761,0.964481,0.605423,0.050000,0.030271,0.627719
30,0.219936,7.487746,4.0000,0.245536,3579.380892,0.967068,0.597852,0.050000,0.029893,0.618210
31,0.212813,7.156068,4.0000,0.231606,3240.692406,0.922493,0.593442,0.050000,0.029672,0.643302
32,0.205952,6.824666,4.0000,0.219881,3184.519872,0.876740,0.588618,0.050000,0.029431,0.671371
33,0.194771,6.494086,4.0000,0.212370,2961.907559,0.845556,0.580472,0.050000,0.029024,0.686497
34,0.189386,6.164881,4.0000,0.204644,3046.652196,0.814059,0.571829,0.050000,0.028591,0.702441
35,0.177920,5.837600,4.0000,0.188933,2742.308831,0.747329,0.561015,0.050000,0.028051,0.750693
36,0.170229,5.512797,4.0000,0.183093,3409.123899,0.717786,0.549688,0.050000,0.027484,0.765811
37,0.153850,5.191027,4.0000,0.172797,3284.825906,0.671042,0.535484,0.050000,0.026774,0.797988
38,0.139983,4.872847,4.0000,0.169634,3300.767845,0.652332,0.520722,0.050000,0.026036,0.798248
39,0.131386,4.558818,4.0000,0.166773,3146.647695,0.616777,0.495912,0.050000,0.024796,0.804038
40,0.124662,4.249507,4.0000,0.151238,2306.582363,0.590470,0.480400,0.050000,0.024020,0.813589
41,0.116699,3.945484,4.0000,0.145055,2149.976666,0.551383,0.459301,0.050000,0.022965,0.832997
42,0.113161,3.647326,4.0000,0.131602,1927.489972,0.509652,0.442480,0.050000,0.022124,0.868201
43,0.107912,3.355617,4.0000,0.125786,1701.448548,0.474535,0.422621,0.050000,0.021131,0.890600
44,0.103348,3.070950,4.0000,0.111646,1511.984617,0.434382,0.406467,0.050000,0.020323,0.935736
45,0.098466,2.793929,4.0000,0.114430,1410.178828,0.427708,0.385540,0.050000,0.019277,0.901410
46,0.099352,2.525169,4.0000,0.111884,1332.739418,0.428401,0.362451,0.050000,0.018123,0.846056
47,0.092947,2.265302,4.0000,0.104566,1161.255514,0.402155,0.342601,0.050000,0.017130,0.851913
48,0.087062,2.014978,4.0000,0.099533,1076.022606,0.377841,0.321918,0.050000,0.016096,0.851993
49,0.084325,1.774869,4.0000,0.093779,936.517427,0.349695,0.303702,0.050000,0.015185,0.868477
50,0.081790,1.545675,4.0000,0.085256,753.329788,0.335295,0.285849,0.050000,0.014292,0.852529
51,0.084176,1.328130,4.0000,0.088799,766.354268,0.348627,0.267584,0.050000,0.013379,0.767535
52,0.093316,1.123015,4.0000,0.098208,915.847779,0.387029,0.252761,0.050000,0.012638,0.653079
53,0.100172,0.931163,4.0000,0.105278,957.034523,0.409024,0.238245,0.050000,0.011912,0.582473
54,0.114529,0.753484,4.0000,0.109299,930.040255,0.429847,0.228675,0.050000,0.011434,0.531992
55,0.126634,0.590990,4.0000,0.105233,569.859344,0.416561,0.218147,0.050000,0.010907,0.523685
56,0.137169,0.444834,4.0000,0.102239,262.844734,0.407953,0.209723,0.050000,0.010486,0.514086
57,0.153421,0.316379,4.0000,0.083866,-861.364196,0.334026,0.203719,0.050000,0.010186,0.609888
58,0.169648,0.207320,4.0000,0.063604,-2159.952164,0.254164,0.195522,0.050000,0.009776,0.769275
59,0.119941,0.119941,4.0000,0.044141,-1334.994763,0.176565,0.184697,0.050000,0.009235,1.046055
60,0.057790,0.057790,4.0000,0.025397,-197.548846,0.101588,0.171800,0.050000,0.008590,1.691140
61,0.029168,0.029168,4.0000,0.014507,16.307618,0.058027,0.157950,0.050000,0.007898,2.722018
